Méthode,Brier Score,Log Loss,ECE
Non calibré,0.09423929832843925,0.31676011451945413,0.12935268154225973
Platt Scaling,0.06594784411364862,0.22593917134576982,0.04801071043712074
Temperature Scaling,0.0780014454932643,0.26868561389786455,0.08427464489896673
